id,category,query,winner,kg_strategy,kg_relevance_score,kg_relevance_reason,plain_judge_avg,kg_judge_avg,plain_fact,kg_fact,plain_relevance,kg_relevance,plain_structure,kg_structure,plain_clarity,kg_clarity,plain_usefulness,kg_usefulness,plain_grounding,kg_grounding,plain_risk,kg_risk,plain_evidence,kg_evidence,judge_reason,plain_answer,kg_answer
dependency_001,logical_dependency,"Why must an AI system verify retrieved evidence before aggregating an answer, and what can go wrong if these steps are executed in parallel without dependencies?",B,kg_dag,0.822,"score=0.822, overlap=0.200, evidence=6, relations=5",8.2,8.4,9,8,9,8,8,9,7,9,8,8,0.0,0.865,1.0,0.135,0,15,"Answer B is more structured and clear, making it easier to understand. Both answers are factually accurate and relevant, but B's clarity and structure give it an edge.","在生成答案之前，AI系统必须验证检索到的证据，以确保所使用信息的准确性和相关性。未经验证的信息可能包含错误数据或与问题无关的内容，这不仅会影响最终答案的质量，还可能导致用户接收到不准确或完全错误的信息。因此，验证步骤是保证输出结果可靠性和准确性的重要环节。

如果验证和综合这两个步骤被并行执行而忽略了彼此之间的依赖关系，那么最终的答案可能会掺杂进未经核实甚至是无关紧要的信息，从而降低了回答的质量和准确性。正确的做法是先对每一条信息进行严格的审查，确认其正确无误且与问题紧密相关之后，再将其纳入考虑范围之内。这样可以有效避免误导用户或是提供无用的回答。

即使追求效率，也必须保证每一步骤的质量控制，以维护系统的可信度和有效性。跳过验证直接并行处理的做法虽然看似提高了速度，但实际上传递给用户的可能是错误、误导性或质量低下的内容，这不仅会损害用户体验，还可能对依赖该信息做出决策的用户造成负面影响。因此，在AI系统中，按照正确的顺序执行这些步骤对于保证输出结果的可靠性和准确性至关重要。","In generating a comprehensive response, an AI system must first verify the retrieved evidence. This step is crucial because unverified information may contain errors or contradictions. If this verification step is skipped and the information is processed in parallel without considering its dependencies, it can lead to inconsistencies or even conflicting content in the final answer. For instance, some pieces of evidence might be logically opposed; integrating them without fact-checking would compromise the accuracy and reliability of the answer. Additionally, the verification process supports fact-checking, further reducing potential contradictions and errors.

Therefore, it is essential to follow the correct sequence: first, validate the evidence, and then aggregate the information into a coherent answer. This ensures that the output is both accurate and reliable. Executing these steps in parallel without proper validation risks producing a flawed and unreliable response."
dependency_002,logical_dependency,Explain why entity linking should happen before knowledge graph retrieval in a grounded text generation pipeline.,B,kg_dag,1.0,"score=1.000, overlap=0.400, evidence=8, relations=5",7.8,8.6,8,9,9,9,7,8,8,9,7,8,0.0,0.79,1.0,0.21,0,26,"Answer B provides a more structured and clear explanation, and it adds additional context about the benefits of entity linking which enhances its usefulness.",在基于知识图谱的文本生成流程中，实体链接应当先于知识图谱检索进行。这是因为，在处理文本时，首先需要准确识别并消解其中提到的所有实体。只有当这些实体被正确地识别出来后，才能确保后续从知识图谱中获取的信息是针对正确的对象。如果直接跳过实体链接而进行知识图谱检索，可能会因为实体指代不明或错误导致提取到不相关或错误的信息，进而影响最终生成文本的质量。因此，通过先行完成实体链接步骤，可以有效避免上述问题，从而提高整个系统输出内容的相关性和准确性。,"在基于知识图谱的文本生成流程中，实体链接应当先于知识图谱检索进行。这是因为实体链接能够识别并解析输入文本中的关键实体，并将其与知识图谱中的相应节点准确对应起来。这一过程为后续的知识图谱检索奠定了基础，确保了所检索到的信息是针对正确实体的。

通过这种方式，可以有效地利用知识图谱提供的外部证据、支持事实核查以及增强逻辑推理能力，从而提高生成文本的质量和准确性。此外，实体链接还支持证据检索，进一步增强了整个系统的可靠性和效率。

因此，在基于知识图谱的文本生成流程中，先进行实体链接再执行知识图谱检索是非常必要的。这一步骤不仅确保了信息的准确性，也为整个系统提供了可靠性和效率上的保障。"
dependency_003,logical_dependency,Why should a reasoning system build dependencies between claims before expanding them in parallel?,B,llm_plan_weak_kg,0.573,"weak_kg(score=0.573, overlap=0.077, evidence=3, relations=3)",7.8,9.2,8,9,9,10,7,9,7,9,8,9,0.0,0.0,1.0,1.0,0,0,"Answer B provides a more structured and clear explanation, enhancing the overall readability and coherence. It also offers a slightly higher level of detail and relevance to the question.",在并行扩展多个主张时，构建这些主张之间的依赖关系至关重要。这样做不仅有助于保持逻辑上的一致性和连贯性，还能确保推理过程既高效又准确。通过明确哪些主张是基于其他主张建立的，系统可以更好地管理信息流，避免产生矛盾或不一致的结果，从而提高整体输出的质量。对于复杂问题而言，这种做法尤为重要，因为它使得每个部分的分析都能相互支持，共同构成一个完整且合理的解答。因此，在开始并行处理之前，先确定好各主张间的依赖关系是非常必要的步骤。,"A reasoning system should build dependencies between claims before expanding them in parallel to ensure logical consistency and coherence throughout the inference process. By first establishing the relationships among different claims, the system can better understand which pieces of information support each other and which may be in conflict or require further verification. This approach not only enhances the quality of the final conclusion but also makes the entire chain of reasoning more transparent and traceable. For complex problems, this step is particularly crucial as it lays a solid foundation for subsequent parallel processing, ensuring that all parts of the argument are well-integrated and logically sound."
dependency_004,logical_dependency,"In a multi-step answer generation pipeline, why should contradiction checking happen before final summarization?",B,kg_dag,0.85,"score=0.850, overlap=0.231, evidence=6, relations=5",8.0,9.2,8,9,9,10,7,9,8,9,8,9,0.0,0.867,1.0,0.133,0,14,"Answer B provides a more detailed and structured explanation, including the role of a dependency graph, which adds to its clarity and usefulness. It also maintains high factuality and relevance.",在多步骤的答案生成流程中，矛盾检查应在最终总结之前进行，这是为了确保信息的一致性和准确性。通过提前识别并解决潜在的矛盾点，可以避免将相互冲突的信息整合到最终输出中，从而提高答案的质量和可靠性。这样不仅能够帮助用户获得更加清晰、无误的信息，还能增强系统生成内容的可信度。因此，在完成所有信息收集与处理后，但尚未进行最终总结前执行矛盾检查是非常重要的一步。这一步骤保证了只有经过验证的一致性信息才会被用于形成结论，进而提供给用户一个既准确又可靠的答复。,"In a multi-step answer generation pipeline, contradiction checking should occur before the final summarization to ensure that the generated answer is both logically consistent and factually accurate. By conducting this check prior to the synthesis of the final response, any potential conflicts or inconsistencies among the different parts of the answer can be identified and resolved. This process, often guided by a dependency graph, not only facilitates the parallel generation of various components but also ensures that these elements are coherent when combined. The dependency graph helps in defining the sequence of operations, making sure that contradiction resolution happens at an appropriate stage—before the final summary is created. As a result, this approach significantly enhances the quality and reliability of the final output, meeting the user's need for precise and consistent information."
dependency_005,logical_dependency,Explain why some thought nodes can be generated in parallel while others must wait for prerequisite evidence.,A,kg_dag,0.92,"score=0.920, overlap=0.235, evidence=8, relations=6",8.4,7.2,8,7,9,8,8,7,9,7,8,7,0.0,0.79,1.0,0.21,0,17,"Answer A provides a more structured and clear explanation of the concept, directly addressing the question with relevant examples. It also maintains a good balance between factuality and usefulness.","在并行文本生成系统中，某些思维节点可以并行生成，这是因为它们的生成过程不依赖于其他节点提供的特定信息。这些节点往往基于独立的数据或逻辑进行处理，因此能够同时启动和执行，从而提高了整个系统的效率。

相反，那些需要等待先决证据的节点则必须按照一定的顺序来生成，因为它们的输出依赖于之前节点的结果。这种依赖关系确保了信息的准确性和一致性，避免了因缺乏必要上下文而导致的逻辑错误或信息缺失。例如，如果一个节点负责总结前几个节点的信息，那么它显然不能在这些前提节点完成之前开始工作。

通过合理设计节点间的依赖关系，可以在保证内容质量的同时最大化并行处理的优势。在整个生成过程中，系统会根据各节点间的依赖关系智能调度，既保证了效率也维护了输出的质量。这样，既能充分利用并行计算的能力加快处理速度，又能确保最终生成的内容是连贯且准确无误的。","在处理问题时，已检索到的证据为答案合成提供了基础，并支持了事实核查过程，确保生成的信息准确无误。然而，并不是所有的思考节点都能够并行生成，部分节点依赖于其他节点的结果或状态，以保证整个推理过程的一致性和准确性。

具体来说，当新出现的证据与已有信息存在潜在冲突时，系统需要额外的时间和步骤来解决这种矛盾。例如，在进行答案合成之前，必须先完成基于已检索证据的事实核查，这样才能避免将未经验证的信息纳入最终答案中。因此，这类涉及事实核查的思考节点必须等待特定的前提条件满足后才能继续推进。

此外，逻辑推理还涉及到因果依赖和时间依赖。这意味着某些思考节点的生成需要等待特定的前提条件满足后才能继续。例如，在符号AI中应用逻辑推理时，必须首先确保所有必要的前提条件已经得到确认。这些因素进一步限制了哪些节点可以并行生成。

总之，为了确保最终答案的准确无误，一些思考节点可以并行生成，而另一些则必须等待特定的前提条件满足后才能继续推进。这种对先决条件的依赖性是保证推理过程一致性和准确性的重要机制。"
general_001,general_knowledge,Explain how AlphaFold changed protein structure prediction and what limitations remain.,B,llm_plan_weak_kg,0.668,"weak_kg(score=0.668, overlap=0.364, evidence=3, relations=2)",8.4,9.0,9,9,9,9,8,9,8,9,8,9,0.0,0.0,1.0,1.0,0,0,"Answer B provides a more structured and clear explanation, making it slightly easier to understand and more useful.","AlphaFold通过运用深度学习技术，在蛋白质结构预测领域实现了显著的准确性提升，极大地改变了这一领域的研究面貌。它能够基于氨基酸序列准确预测出蛋白质的三维结构，这对于理解生物过程、疾病机制以及药物开发具有重要意义。AlphaFold不仅提高了预测的准确性，还减少了对耗时且成本高昂的传统实验方法的依赖。

然而，尽管AlphaFold取得了巨大成功，但仍存在一些局限性。例如，对于某些特定类型的蛋白质或在极端条件下蛋白质的行为，其预测能力仍有待提高。此外，AlphaFold主要依赖于已知的数据集进行训练，这意味着对于自然界中尚未被充分研究的蛋白质类型，其预测效果可能不如预期。特别是当面对那些缺乏已知相似结构作为参考（即没有合适模板）的蛋白质时，AlphaFold的预测结果可能不够准确。

另一个关键的局限性在于，AlphaFold主要基于静态结构进行训练，因此在处理动态过程如蛋白质折叠路径或蛋白质在细胞环境中的行为时可能会遇到挑战。在细胞环境中，蛋白质经常经历构象变化并与其他分子相互作用，这些复杂的动态行为是当前模型难以完全捕捉的。

综上所述，虽然AlphaFold极大地推动了蛋白质结构预测的进步，并为药物发现、疾病理解和合成生物学等领域开辟了新的道路，但该领域仍需进一步探索以克服现有挑战，特别是在处理新颖或独特的蛋白质序列以及动态蛋白质行为方面。","AlphaFold通过运用深度学习技术，极大地提高了蛋白质结构预测的准确性和速度，使得科学家们能够以前所未有的效率来解析未知蛋白质的三维形态。这一突破性进展对于理解蛋白质功能以及开发新药等方面具有重要意义。

然而，尽管AlphaFold在许多方面表现优异，它仍然存在一些局限性。例如，在处理某些特定类型的蛋白质时，如那些具有内在无序区域的蛋白质，其预测性能会有所下降。这类蛋白质由于其结构上的灵活性和多变性，在生物体内发挥着重要作用，但这也给精确建模带来了挑战。此外，当缺乏足够的同源序列信息时，AlphaFold的表现也会受到影响。这意味着对于一些较为独特或研究较少的蛋白质家族来说，该模型可能无法提供足够准确的预测结果。

另外，AlphaFold提供的主要是静态模型，这在一定程度上限制了它对动态变化中的蛋白质结构或是参与复杂相互作用的蛋白质复合体的理解能力。真实情况下，许多蛋白质的功能依赖于它们随时间变化的状态以及与其他分子之间的相互作用，而这些动态特征很难仅凭单一的结构快照来完全捕捉。

综上所述，虽然AlphaFold代表了蛋白质结构预测领域的一大进步，但仍有一些关键问题需要解决。未来的研究将致力于克服现有局限，探索更加全面且精确的方法，以更好地理解和模拟蛋白质的行为。"
general_002,general_knowledge,"What are the main differences between supervised learning, unsupervised learning, and reinforcement learning?",tie,llm_plan_weak_kg,0.764,"weak_kg(score=0.764, overlap=0.364, evidence=3, relations=3)",8.8,8.8,9,9,9,9,8,8,9,9,9,9,0.0,0.0,1.0,1.0,0,0,"Both answers are factually correct, relevant, well-structured, clear, and useful. They provide a comprehensive comparison of the three types of machine learning paradigms.","Supervised learning, unsupervised learning, and reinforcement learning are three core paradigms in machine learning, each with distinct characteristics and applications.

In supervised learning, the model is trained using a dataset that includes both input data and corresponding correct answers or labels. The goal is to enable the model to accurately predict the output for new, unseen data based on this training. This type of learning is particularly useful when you have a clear idea of what the desired outcome should be for given inputs, such as in classification or regression tasks.

Unsupervised learning, in contrast, deals with data without labeled responses. Its primary objective is to uncover the inherent structure or patterns within the dataset. By analyzing the natural distribution of the data, unsupervised learning algorithms can identify clusters, reduce dimensions, or perform other forms of exploratory data analysis. This approach is valuable when the labeling process is too costly, impractical, or when the aim is to understand the underlying structure of the data rather than making specific predictions.

Reinforcement learning takes a different approach, where an agent learns to make decisions by performing actions in an environment to maximize some notion of cumulative reward. Unlike supervised learning, which requires labeled data, and unsupervised learning, which focuses on discovering patterns, reinforcement learning relies on trial and error. The agent interacts with its environment, receiving rewards or penalties for its actions, and adjusts its strategy accordingly to achieve long-term goals. This paradigm is especially suited for dynamic environments where the optimal sequence of actions needs to be learned over time, such as in game playing, robotics, and autonomous systems.

Each of these methods is designed to address different types of problems and can be used individually or in combination to achieve more robust and effective solutions in various domains.","Supervised learning, unsupervised learning, and reinforcement learning are three fundamental paradigms in machine learning, each designed to address different types of problems with unique approaches.

In supervised learning, the model is trained using a dataset that includes both input data and corresponding output labels. The goal here is for the model to learn a function that can accurately map inputs to outputs, enabling it to predict the correct output for new, unseen data. This type of learning is particularly useful when you have a clear set of examples from which the system can learn the relationship between inputs and desired outputs.

Unsupervised learning, by contrast, deals with datasets that do not contain labeled responses. Instead, this approach focuses on discovering the underlying structure or distribution within the data. Techniques such as clustering (grouping similar data points together) and dimensionality reduction (simplifying high-dimensional data while preserving important structures) fall under this category. Unsupervised learning is valuable for exploring and understanding the inherent patterns in data without prior knowledge about what those patterns might be.

Reinforcement learning represents a distinct approach where an agent learns to make decisions by interacting with its environment. The agent performs actions and receives feedback in the form of rewards or penalties, which guide it towards learning optimal behavior over time. The objective is to maximize some notion of cumulative reward, making this method well-suited for scenarios requiring long-term planning and decision-making, such as game playing, robotics, and autonomous systems.

In summary, these three methods—supervised, unsupervised, and reinforcement learning—each serve different purposes and are chosen based on the nature of the problem at hand and the available data. Supervised learning excels in situations where labeled data is abundant, unsupervised learning is ideal for uncovering hidden structures in unlabeled data, and reinforcement learning is best suited for dynamic environments where the goal is to optimize behavior through interaction and experience."
general_003,general_knowledge,Why are transformers important for modern natural language processing?,B,llm_plan_weak_kg,0.408,"weak_kg(score=0.408, overlap=0.111, evidence=3, relations=1)",9.0,9.2,9,9,10,10,8,9,9,9,9,9,0.0,0.0,1.0,1.0,0,0,"Answer B provides a more detailed comparison with previous models, which adds context and enhances the understanding of why transformers are important.","Transformers have become a cornerstone in modern natural language processing (NLP) due to their unique ability to understand the context and meaning of words within a sentence, even when those words are far apart. This capability, known as capturing long-range dependencies, allows models to better comprehend and generate human-like text. As a result, transformers are indispensable for a wide range of NLP tasks, including translation, summarization, and more. By enabling a more nuanced understanding of language, transformers have significantly advanced the field, leading to more accurate and fluent interactions between humans and machines.","Transformers have become a cornerstone in modern natural language processing (NLP) due to their unique ability to understand the context and meaning of text by capturing long-range dependencies. Unlike previous models, which struggled with maintaining context over longer texts, transformers can effectively analyze and utilize information from the entire document, no matter how far apart relevant pieces of information are. This capability significantly enhances the model's performance across a wide range of NLP tasks, including translation, summarization, and question answering. As a result, transformers have become an indispensable tool in today's AI-driven world, enabling more accurate and contextually rich language processing."
general_004,general_knowledge,"How do diffusion models generate images, and what are their main limitations?",A,llm_plan_weak_kg,0.382,"weak_kg(score=0.382, overlap=0.083, evidence=2, relations=2)",8.6,7.6,9,8,9,8,8,7,9,8,8,7,0.0,0.0,1.0,1.0,0,0,"Answer A provides a more detailed and clear explanation of the diffusion model process and its limitations, making it slightly more informative and useful for the user.","Diffusion models generate images through a two-step process. Initially, they progressively add noise to an initial image until it becomes almost indistinguishable. Then, by learning the reverse of this noising process, they reconstruct or generate new images from random noise, gradually refining it into a clear and detailed image. This method allows for the creation of highly detailed and varied images, mimicking the physical diffusion process but in reverse, moving from chaos to order.

However, diffusion models come with several limitations. One of the main drawbacks is their high computational cost. Generating an image can be time-consuming and resource-intensive, especially when producing high-resolution images. This makes them less suitable for applications requiring rapid response times. Additionally, while these models excel at creating diverse and high-quality images, controlling specific attributes of the generated images, such as the exact pose or expression in a portrait, remains challenging without additional mechanisms or training. This limits their flexibility and practicality in scenarios where precise control over the output is necessary.

In summary, diffusion models are powerful tools for generating high-quality and diverse images, but their use is constrained by significant computational demands and difficulties in controlling specific image attributes.","Diffusion models generate images through a process of gradually denoising random noise, guided by learned patterns. This method starts with a pattern of random noise and iteratively refines it, removing noise step by step until a clear image emerges that reflects the data on which the model was trained.

However, this approach comes with several limitations. One major limitation is the requirement for significant computational resources and time to produce high-quality images. Additionally, while diffusion models excel at generating diverse and realistic images, they may sometimes struggle with precise control over the generated content. This makes it challenging to direct the output towards specific desired attributes or styles. These challenges, particularly the high computational cost and long generation time, can limit their practical application in scenarios where rapid or resource-constrained image generation is required."
general_005,general_knowledge,What is the role of embeddings in information retrieval systems?,B,llm_plan_weak_kg,0.479,"weak_kg(score=0.479, overlap=0.100, evidence=2, relations=1)",8.4,8.8,9,9,9,9,8,8,8,9,8,9,0.0,0.0,1.0,1.0,0,0,"Answer B is slightly more clear and useful, as it provides a bit more detail on the benefits of using embeddings over traditional keyword-based methods.","In information retrieval systems, embeddings play a crucial role by transforming textual information into numerical vectors. This conversion allows the system to more efficiently and accurately search and compare documents using mathematical operations to measure similarities and differences between texts. By representing text in this way, embeddings capture the semantic meaning of words and phrases, which is essential for tasks such as finding relevant documents or filtering out irrelevant ones. This enhances the overall performance and user experience of the information retrieval process.","In information retrieval systems, embeddings play a crucial role by transforming textual information into numerical vectors. This transformation enables the system to measure the similarity between different pieces of text, thereby facilitating more efficient and effective searches. By capturing the semantic meaning of words and documents, embeddings help in providing a deeper understanding of the content, which traditional keyword-based methods might miss. As a result, the accuracy of search results is significantly improved, and the overall user experience is enhanced through the provision of more relevant and contextually accurate information."
verification_001,fact_verification,How can knowledge graphs help reduce hallucination in retrieval-augmented generation systems?,B,kg_dag,1.0,"score=1.000, overlap=0.364, evidence=11, relations=7",7.8,9.2,8,9,9,10,7,9,8,9,7,9,0.0,0.88,1.0,0.12,0,26,"Answer B provides more detailed and specific ways in which knowledge graphs reduce hallucination, enhancing its factuality, relevance, and usefulness. It also has a clearer and more structured presentation.","Knowledge graphs play a crucial role in reducing hallucination within retrieval-augmented generation systems by providing structured and accurate information. This structured data ensures the reliability and accuracy of the information sources, allowing the system to generate text based on verified and organized data. As a result, the risk of producing unverified or incorrect content is significantly reduced. By leveraging knowledge graphs, these systems not only improve the quality of their outputs but also enhance their overall credibility.","Knowledge graphs play a crucial role in enhancing the accuracy and reliability of retrieval-augmented generation systems, thereby significantly reducing the risk of hallucination. By providing structured and interconnected data, knowledge graphs support these systems in several key ways:

Firstly, they facilitate evidence retrieval and the use of external evidence, which are essential for ensuring that the generated content is based on factual and interconnected data. This process not only enhances the groundedness of the output but also ensures that the information produced is consistent with established knowledge.

Secondly, knowledge graphs offer a robust framework for fact-checking and logical reasoning. The structured nature of the data within a knowledge graph allows for more effective verification of the information being used, thus reducing the likelihood of generating content that diverges from reality. This integration ensures that the retrieved and generated information aligns with known facts, leading to more trustworthy and contextually accurate outputs.

In summary, by supporting evidence retrieval, fact-checking, and logical reasoning, knowledge graphs help retrieval-augmented generation systems produce content that is more reliable, accurate, and consistent with real-world information, thereby significantly lowering the risk of hallucination."
verification_002,fact_verification,"Why can outdated evidence cause factual errors in AI-generated answers, and how should a system handle it?",A,llm_plan_weak_kg,0.622,"weak_kg(score=0.622, overlap=0.125, evidence=3, relations=3)",8.8,7.8,9,8,9,8,8,7,9,8,9,8,0.0,0.0,1.0,1.0,0,0,"Answer A provides a more detailed and structured approach to handling outdated evidence, including specific steps and the importance of transparency. It also offers a clearer explanation of why outdated evidence can cause errors.","Outdated evidence can cause factual errors in AI-generated answers because the information used to form these responses may no longer reflect the current state of knowledge or reality. For instance, if an AI system relies on data that has since been updated or disproven, it might produce answers that are incorrect or misleading.

To handle this issue, a system should take several steps:

1. **Regularly Update Sources**: The system must frequently update its knowledge base and sources to ensure that it uses the most current and accurate data available. This proactive approach helps minimize the risk of providing outdated or incorrect information.

2. **Check Freshness and Accuracy**: Incorporate mechanisms for checking the freshness and accuracy of the information. This can include automated processes that verify the timeliness of the data and cross-reference it with other reliable sources.

3. **Indicate Information Timeliness**: Clearly indicate the date or version of the information used to generate the answer. This transparency allows users to assess the timeliness and reliability of the provided answers, enabling them to make more informed decisions about the information's relevance.

By implementing these measures, the system can maintain the reliability and accuracy of its responses, ensuring that users receive up-to-date and trustworthy information.","Outdated evidence can lead to factual errors in AI-generated answers because the information used as a basis for generating responses may no longer be accurate or relevant, especially in rapidly changing fields such as technology, science, and current events. As time progresses, new discoveries are made, and circumstances change, making it crucial for any system to rely on up-to-date data.

To mitigate this issue, a system should regularly update its knowledge base and sources of information, ensuring that it always uses the most current and accurate data available. This proactive approach not only enhances the reliability of the AI's responses but also builds trust with users who rely on the system for up-to-date and accurate information.

Additionally, implementing a mechanism for users to report inaccuracies or outdated information is crucial. This not only helps in identifying and correcting specific errors but also in continuously improving the overall quality and accuracy of the AI-generated content. By combining regular updates with user feedback, the system can ensure that its generated content remains reliable and valuable to users."
verification_003,fact_verification,How should an AI system handle two retrieved sources that make conflicting claims?,A,llm_plan_weak_kg,0.574,"weak_kg(score=0.574, overlap=0.077, evidence=3, relations=3)",8.6,7.6,8,7,9,8,9,8,9,8,8,7,0.0,0.0,1.0,1.0,0,0,"Answer A provides a more structured and clear explanation with specific steps, enhancing its usefulness and clarity. It also emphasizes the importance of transparency in decision-making, which is a key aspect for building user trust.","当一个AI系统遇到两个来源提供的信息相互矛盾时，应该采取以下步骤来解决冲突：

1. **评估可信度和相关性**：首先，AI需要评估每个来源的可信度和与当前问题的相关程度。这包括考虑来源的专业性、权威性等因素。通过这种方式，AI可以更准确地判断哪一方的信息更为可靠。

2. **透明展示决策依据**：在做出判断后，AI还应向用户透明地展示其决策依据，让用户了解信息筛选的过程和理由。这样做不仅增强了系统的可解释性，也提升了用户的信任感。

通过上述步骤，AI系统能够更好地处理信息冲突，并为用户提供更加准确且值得信赖的答案。","When an AI system encounters conflicting claims from two retrieved sources, it should evaluate the credibility and relevance of each source to resolve the discrepancy. This involves considering factors such as the authority of the source, the publication date, and the relevance to the query topic. By doing so, the AI can more accurately determine which piece of information is more reliable, thereby providing a more accurate answer to the user. Additionally, if possible, the AI should seek out more evidence or third-party verification to further confirm the accuracy of the information."
verification_004,fact_verification,Why is source provenance important when generating answers from retrieved knowledge?,B,llm_plan_weak_kg,0.588,"weak_kg(score=0.588, overlap=0.091, evidence=3, relations=3)",8.8,9.0,9,9,9,9,8,9,9,9,9,9,0.0,0.0,1.0,1.0,0,0,"Answer B provides a slightly more detailed and structured explanation, particularly in emphasizing the importance of preventing the spread of misinformation and maintaining the professionalism and authority of the knowledge service.","Source provenance is crucial when generating answers from retrieved knowledge because it directly impacts the reliability and accuracy of the information used. By relying on verified and highly credible sources, the quality and authority of the answers are significantly enhanced, making users more likely to trust the provided information. Furthermore, in dealing with complex or sensitive issues, clearly indicating the source of information increases transparency. This allows users to understand the basis for the answers, fostering a deeper level of comprehension and communication.","Source provenance is crucial when generating answers from retrieved knowledge because it directly impacts the reliability and accuracy of the information provided. By clearly identifying and verifying the origin of the information, we can significantly enhance the quality of the answers. This process also builds trust with users, as they can be confident in the credibility of the information they receive. 

In particular, for complex or sensitive topics, being able to trace back to the original data sources allows for a more effective evaluation of the truthfulness and timeliness of the information. This helps prevent the spread of misinformation or outdated data. Ensuring that the source of the information is transparent and verifiable is essential for maintaining the professionalism and authority of the knowledge service."
verification_005,fact_verification,Explain how evidence grounding improves the reliability of long-form generated reports.,B,kg_dag,0.841,"score=0.841, overlap=0.182, evidence=6, relations=5",8.6,8.8,9,9,9,9,8,9,9,8,8,9,0.0,0.82,1.0,0.18,0,17,"Answer B provides a more detailed and structured explanation of the process of evidence grounding, including the steps involved and the benefits at each stage. It also addresses potential conflicts in sources, which adds depth to the answer.","Evidence grounding significantly enhances the reliability of long-form generated reports by ensuring that the information presented is based on verifiable data or sources. This approach reduces the risk of including erroneous information and boosts the reader's confidence in the report's content. When a report cites specific research, statistical data, or authoritative viewpoints, it not only provides solid support for its arguments but also makes the entire document more rigorous and professional. This practice is particularly crucial in fields where high accuracy is essential, such as scientific research, journalism, and policy analysis. By grounding the content in credible evidence, the report becomes a more trustworthy and valuable resource.","Evidence grounding significantly enhances the reliability of long-form generated reports by linking the generated content with verified, reliable information. This process begins with constructing the report based on retrieved evidence, which ensures the accuracy and consistency of the content. The use of such evidence not only provides a solid foundation for the synthesis of answers but also supports the fact-checking process, helping to identify and correct any potential errors or inconsistencies, thereby further improving the quality and reliability of the report.

While it is possible that different sources of information may sometimes conflict, these discrepancies can be effectively resolved through careful comparison and analysis, ensuring the final report remains consistent and accurate. Additionally, integrating evidence-based generation techniques, which leverage both evidence retrieval and external data, can significantly reduce the risk of generating inaccurate or unverified information, thus making the report more trustworthy. 

In summary, by grounding the content in verified data and using this evidence throughout the creation and verification stages, the overall reliability and quality of long-form reports are greatly enhanced."
