id,category,query,method,latency_ms,node_count,dependency_count,evidence_triple_count,evidence_node_ratio,relation_diversity,grounding_score,hallucination_risk_score,graph_structure_score,verified_ratio,coherence_score,rule_event_count,kg_strategy,kg_relevance_score,kg_relevance_reason,judge_label,judge_winner,judge_score_avg,judge_factuality,judge_relevance,judge_structure,judge_clarity,judge_usefulness,judge_reason
general_001,general_knowledge,Explain how AlphaFold changed protein structure prediction and what limitations remain.,plain_sot,51184.71760000102,4,0,0,0.0,0.0,0.0,1.0,0.0,0.0,0.0,0,,,,A,B,8.4,9,9,8,8,8,"Answer B provides a more structured and clear explanation, making it slightly easier to understand and more useful."
general_001,general_knowledge,Explain how AlphaFold changed protein structure prediction and what limitations remain.,optimized_json_kg,42872.40350000502,2,1,0,0.0,0.0,0.0,1.0,0.0,0.0,0.5,0,llm_plan_weak_kg,0.668,"weak_kg(score=0.668, overlap=0.364, evidence=3, relations=2)",B,B,9.0,9,9,9,9,9,"Answer B provides a more structured and clear explanation, making it slightly easier to understand and more useful."
general_002,general_knowledge,"What are the main differences between supervised learning, unsupervised learning, and reinforcement learning?",plain_sot,47192.08090000029,3,0,0,0.0,0.0,0.0,1.0,0.0,0.0,0.0,0,,,,A,tie,8.8,9,9,8,9,9,"Both answers are factually correct, relevant, well-structured, clear, and useful. They provide a comprehensive comparison of the three types of machine learning paradigms."
general_002,general_knowledge,"What are the main differences between supervised learning, unsupervised learning, and reinforcement learning?",optimized_json_kg,54523.90590000141,3,0,0,0.0,0.0,0.0,1.0,0.0,0.0,0.0,0,llm_plan_weak_kg,0.764,"weak_kg(score=0.764, overlap=0.364, evidence=3, relations=3)",B,tie,8.8,9,9,8,9,9,"Both answers are factually correct, relevant, well-structured, clear, and useful. They provide a comprehensive comparison of the three types of machine learning paradigms."
general_003,general_knowledge,Why are transformers important for modern natural language processing?,plain_sot,18007.82959999924,1,0,0,0.0,0.0,0.0,1.0,0.0,0.0,0.0,0,,,,A,B,9.0,9,10,8,9,9,"Answer B provides a more detailed comparison with previous models, which adds context and enhances the understanding of why transformers are important."
general_003,general_knowledge,Why are transformers important for modern natural language processing?,optimized_json_kg,14761.255799996434,1,0,0,0.0,0.0,0.0,1.0,0.0,0.0,0.0,0,llm_plan_weak_kg,0.408,"weak_kg(score=0.408, overlap=0.111, evidence=3, relations=1)",B,B,9.2,9,10,9,9,9,"Answer B provides a more detailed comparison with previous models, which adds context and enhances the understanding of why transformers are important."
general_004,general_knowledge,"How do diffusion models generate images, and what are their main limitations?",plain_sot,32681.254700000864,3,0,0,0.0,0.0,0.0,1.0,0.0,0.0,0.0,0,,,,A,A,8.6,9,9,8,9,8,"Answer A provides a more detailed and clear explanation of the diffusion model process and its limitations, making it slightly more informative and useful for the user."
general_004,general_knowledge,"How do diffusion models generate images, and what are their main limitations?",optimized_json_kg,24165.542300004745,2,1,0,0.0,0.0,0.0,1.0,0.0,0.0,0.5,0,llm_plan_weak_kg,0.382,"weak_kg(score=0.382, overlap=0.083, evidence=2, relations=2)",B,A,7.6,8,8,7,8,7,"Answer A provides a more detailed and clear explanation of the diffusion model process and its limitations, making it slightly more informative and useful for the user."
general_005,general_knowledge,What is the role of embeddings in information retrieval systems?,plain_sot,10315.055600003689,1,0,0,0.0,0.0,0.0,1.0,0.0,0.0,0.0,0,,,,A,B,8.4,9,9,8,8,8,"Answer B is slightly more clear and useful, as it provides a bit more detail on the benefits of using embeddings over traditional keyword-based methods."
general_005,general_knowledge,What is the role of embeddings in information retrieval systems?,optimized_json_kg,9515.287599992007,1,0,0,0.0,0.0,0.0,1.0,0.0,0.0,0.0,0,llm_plan_weak_kg,0.479,"weak_kg(score=0.479, overlap=0.100, evidence=2, relations=1)",B,B,8.8,9,9,8,9,9,"Answer B is slightly more clear and useful, as it provides a bit more detail on the benefits of using embeddings over traditional keyword-based methods."
dependency_001,logical_dependency,"Why must an AI system verify retrieved evidence before aggregating an answer, and what can go wrong if these steps are executed in parallel without dependencies?",plain_sot,36414.34260000824,3,0,0,0.0,0.0,0.0,1.0,0.0,0.0,0.15,0,,,,A,B,8.2,9,9,8,7,8,"Answer B is more structured and clear, making it easier to understand. Both answers are factually accurate and relevant, but B's clarity and structure give it an edge."
dependency_001,logical_dependency,"Why must an AI system verify retrieved evidence before aggregating an answer, and what can go wrong if these steps are executed in parallel without dependencies?",optimized_json_kg,42867.823000007775,5,6,15,1.0,0.2,0.865,0.135,1.0,0.8,1.0,0,kg_dag,0.822,"score=0.822, overlap=0.200, evidence=6, relations=5",B,B,8.4,8,8,9,9,8,"Answer B is more structured and clear, making it easier to understand. Both answers are factually accurate and relevant, but B's clarity and structure give it an edge."
dependency_002,logical_dependency,Explain why entity linking should happen before knowledge graph retrieval in a grounded text generation pipeline.,plain_sot,16288.290799988317,1,0,0,0.0,0.0,0.0,1.0,0.0,0.0,0.0,0,,,,A,B,7.8,8,9,7,8,7,"Answer B provides a more structured and clear explanation, and it adds additional context about the benefits of entity linking which enhances its usefulness."
dependency_002,logical_dependency,Explain why entity linking should happen before knowledge graph retrieval in a grounded text generation pipeline.,optimized_json_kg,36857.38270000729,5,7,26,1.0,0.192,0.79,0.21,1.0,0.8,1.0,2,kg_dag,1.0,"score=1.000, overlap=0.400, evidence=8, relations=5",B,B,8.6,9,9,8,9,8,"Answer B provides a more structured and clear explanation, and it adds additional context about the benefits of entity linking which enhances its usefulness."
dependency_003,logical_dependency,Why should a reasoning system build dependencies between claims before expanding them in parallel?,plain_sot,13085.392499997397,1,0,0,0.0,0.0,0.0,1.0,0.0,0.0,0.0,0,,,,A,B,7.8,8,9,7,7,8,"Answer B provides a more structured and clear explanation, enhancing the overall readability and coherence. It also offers a slightly higher level of detail and relevance to the question."
dependency_003,logical_dependency,Why should a reasoning system build dependencies between claims before expanding them in parallel?,optimized_json_kg,14731.001599997398,1,0,0,0.0,0.0,0.0,1.0,0.0,0.0,0.0,0,llm_plan_weak_kg,0.573,"weak_kg(score=0.573, overlap=0.077, evidence=3, relations=3)",B,B,9.2,9,10,9,9,9,"Answer B provides a more structured and clear explanation, enhancing the overall readability and coherence. It also offers a slightly higher level of detail and relevance to the question."
dependency_004,logical_dependency,"In a multi-step answer generation pipeline, why should contradiction checking happen before final summarization?",plain_sot,19280.249299990828,1,0,0,0.0,0.0,0.0,1.0,0.0,0.0,0.15,0,,,,A,B,8.0,8,9,7,8,8,"Answer B provides a more detailed and structured explanation, including the role of a dependency graph, which adds to its clarity and usefulness. It also maintains high factuality and relevance."
dependency_004,logical_dependency,"In a multi-step answer generation pipeline, why should contradiction checking happen before final summarization?",optimized_json_kg,32568.740899994737,5,6,14,1.0,0.357,0.867,0.133,1.0,0.8,1.0,0,kg_dag,0.85,"score=0.850, overlap=0.231, evidence=6, relations=5",B,B,9.2,9,10,9,9,9,"Answer B provides a more detailed and structured explanation, including the role of a dependency graph, which adds to its clarity and usefulness. It also maintains high factuality and relevance."
dependency_005,logical_dependency,Explain why some thought nodes can be generated in parallel while others must wait for prerequisite evidence.,plain_sot,26951.73229998909,2,0,0,0.0,0.0,0.0,1.0,0.0,0.0,0.0,0,,,,A,A,8.4,8,9,8,9,8,"Answer A provides a more structured and clear explanation of the concept, directly addressing the question with relevant examples. It also maintains a good balance between factuality and usefulness."
dependency_005,logical_dependency,Explain why some thought nodes can be generated in parallel while others must wait for prerequisite evidence.,optimized_json_kg,48218.79670000635,5,6,17,1.0,0.294,0.79,0.21,1.0,0.8,1.0,0,kg_dag,0.92,"score=0.920, overlap=0.235, evidence=8, relations=6",B,A,7.2,7,8,7,7,7,"Answer A provides a more structured and clear explanation of the concept, directly addressing the question with relevant examples. It also maintains a good balance between factuality and usefulness."
verification_001,fact_verification,How can knowledge graphs help reduce hallucination in retrieval-augmented generation systems?,plain_sot,15853.325600008247,1,0,0,0.0,0.0,0.0,1.0,0.0,0.0,0.0,0,,,,A,B,7.8,8,9,7,8,7,"Answer B provides more detailed and specific ways in which knowledge graphs reduce hallucination, enhancing its factuality, relevance, and usefulness. It also has a clearer and more structured presentation."
verification_001,fact_verification,How can knowledge graphs help reduce hallucination in retrieval-augmented generation systems?,optimized_json_kg,41751.77469999471,5,7,26,1.0,0.269,0.88,0.12,0.8,0.8,1.0,3,kg_dag,1.0,"score=1.000, overlap=0.364, evidence=11, relations=7",B,B,9.2,9,10,9,9,9,"Answer B provides more detailed and specific ways in which knowledge graphs reduce hallucination, enhancing its factuality, relevance, and usefulness. It also has a clearer and more structured presentation."
verification_002,fact_verification,"Why can outdated evidence cause factual errors in AI-generated answers, and how should a system handle it?",plain_sot,31634.32620000094,2,0,0,0.0,0.0,0.0,1.0,0.0,0.0,0.0,0,,,,A,A,8.8,9,9,8,9,9,"Answer A provides a more detailed and structured approach to handling outdated evidence, including specific steps and the importance of transparency. It also offers a clearer explanation of why outdated evidence can cause errors."
verification_002,fact_verification,"Why can outdated evidence cause factual errors in AI-generated answers, and how should a system handle it?",optimized_json_kg,42268.33330000227,3,0,0,0.0,0.0,0.0,1.0,0.0,0.0,0.0,0,llm_plan_weak_kg,0.622,"weak_kg(score=0.622, overlap=0.125, evidence=3, relations=3)",B,A,7.8,8,8,7,8,8,"Answer A provides a more detailed and structured approach to handling outdated evidence, including specific steps and the importance of transparency. It also offers a clearer explanation of why outdated evidence can cause errors."
verification_003,fact_verification,How should an AI system handle two retrieved sources that make conflicting claims?,plain_sot,16558.470599993598,1,0,0,0.0,0.0,0.0,1.0,0.0,0.0,0.0,0,,,,A,A,8.6,8,9,9,9,8,"Answer A provides a more structured and clear explanation with specific steps, enhancing its usefulness and clarity. It also emphasizes the importance of transparency in decision-making, which is a key aspect for building user trust."
verification_003,fact_verification,How should an AI system handle two retrieved sources that make conflicting claims?,optimized_json_kg,11789.552899994305,1,0,0,0.0,0.0,0.0,1.0,0.0,0.0,0.0,0,llm_plan_weak_kg,0.574,"weak_kg(score=0.574, overlap=0.077, evidence=3, relations=3)",B,A,7.6,7,8,8,8,7,"Answer A provides a more structured and clear explanation with specific steps, enhancing its usefulness and clarity. It also emphasizes the importance of transparency in decision-making, which is a key aspect for building user trust."
verification_004,fact_verification,Why is source provenance important when generating answers from retrieved knowledge?,plain_sot,16128.613199995016,1,0,0,0.0,0.0,0.0,1.0,0.0,0.0,0.0,0,,,,A,B,8.8,9,9,8,9,9,"Answer B provides a slightly more detailed and structured explanation, particularly in emphasizing the importance of preventing the spread of misinformation and maintaining the professionalism and authority of the knowledge service."
verification_004,fact_verification,Why is source provenance important when generating answers from retrieved knowledge?,optimized_json_kg,17939.157000000705,1,0,0,0.0,0.0,0.0,1.0,0.0,0.0,0.0,0,llm_plan_weak_kg,0.588,"weak_kg(score=0.588, overlap=0.091, evidence=3, relations=3)",B,B,9.0,9,9,9,9,9,"Answer B provides a slightly more detailed and structured explanation, particularly in emphasizing the importance of preventing the spread of misinformation and maintaining the professionalism and authority of the knowledge service."
verification_005,fact_verification,Explain how evidence grounding improves the reliability of long-form generated reports.,plain_sot,14284.383700010949,1,0,0,0.0,0.0,0.0,1.0,0.0,0.0,0.0,0,,,,A,B,8.6,9,9,8,9,8,"Answer B provides a more detailed and structured explanation of the process of evidence grounding, including the steps involved and the benefits at each stage. It also addresses potential conflicts in sources, which adds depth to the answer."
verification_005,fact_verification,Explain how evidence grounding improves the reliability of long-form generated reports.,optimized_json_kg,46694.21690001036,5,5,17,1.0,0.353,0.82,0.18,1.0,0.8,1.0,0,kg_dag,0.841,"score=0.841, overlap=0.182, evidence=6, relations=5",B,B,8.8,9,9,9,8,9,"Answer B provides a more detailed and structured explanation of the process of evidence grounding, including the steps involved and the benefits at each stage. It also addresses potential conflicts in sources, which adds depth to the answer."
