id,category,query,method,latency_ms,node_count,dependency_count,evidence_triple_count,evidence_node_ratio,relation_diversity,grounding_score,hallucination_risk_score,graph_structure_score,verified_ratio,coherence_score,rule_event_count,judge_label,judge_winner,judge_score_avg,judge_factuality,judge_relevance,judge_structure,judge_clarity,judge_usefulness,judge_reason
general_001,general_knowledge,Explain how AlphaFold changed protein structure prediction and what limitations remain.,plain_sot,54878.13660000393,6,0,0,0.0,0.0,0.0,1.0,0.0,0.0,0.0,0,A,A,9.6,10,10,9,9,10,"A is more factually precise (e.g., correctly distinguishes AlphaFold 2 vs. 3 capabilities, accurately describes pLDDT limitations, and avoids overclaiming on multimer/complex prediction), better structured with a clear three-category limitation framework tied to biological principles (dynamics, context, process), and significantly more useful for researchers due to its nuanced, actionable insights about where and why experimental validation remains essential. B oversimplifies evolutionary dependence, misattributes 'sequential foundation' (MSA generation is pre-processing, not part of AlphaFold’s inference sequence), and conflates limitations (e.g., grouping PTMs and disorder without distinguishing their distinct mechanistic origins)."
general_001,general_knowledge,Explain how AlphaFold changed protein structure prediction and what limitations remain.,optimized_json_kg,29006.2617000076,3,3,4,0.667,0.5,0.672,0.328,0.0,0.667,1.0,1,B,A,8.8,9,10,8,9,8,"A is more factually precise (e.g., correctly distinguishes AlphaFold 2 vs. 3 capabilities, accurately describes pLDDT limitations, and avoids overclaiming on multimer/complex prediction), better structured with a clear three-category limitation framework tied to biological principles (dynamics, context, process), and significantly more useful for researchers due to its nuanced, actionable insights about where and why experimental validation remains essential. B oversimplifies evolutionary dependence, misattributes 'sequential foundation' (MSA generation is pre-processing, not part of AlphaFold’s inference sequence), and conflates limitations (e.g., grouping PTMs and disorder without distinguishing their distinct mechanistic origins)."
general_002,general_knowledge,"What are the main differences between supervised learning, unsupervised learning, and reinforcement learning?",plain_sot,35309.814899999765,4,0,0,0.0,0.0,0.0,1.0,0.0,0.0,0.0,0,A,B,9.2,10,10,9,8,9,"B matches the question precisely with sharper conceptual distinctions (type/timing/source of feedback), superior logical flow (parallel vs. sequential applicability), and more accessible, concise phrasing. Its structure is tighter, clarity higher (e.g., 'learns from answers/from data alone/from consequences'), and usefulness enhanced by explicit guidance on when each paradigm *must* or *can* be applied. A is factually flawless and rich but slightly denser, with marginally less intuitive framing (e.g., 'feedback mechanism determines learning flow' is insightful but less immediately graspable than B's tripartite summary)."
general_002,general_knowledge,"What are the main differences between supervised learning, unsupervised learning, and reinforcement learning?",optimized_json_kg,27160.953899991,3,0,3,1.0,1.0,0.817,0.183,0.0,1.0,1.0,0,B,B,10.0,10,10,10,10,10,"B matches the question precisely with sharper conceptual distinctions (type/timing/source of feedback), superior logical flow (parallel vs. sequential applicability), and more accessible, concise phrasing. Its structure is tighter, clarity higher (e.g., 'learns from answers/from data alone/from consequences'), and usefulness enhanced by explicit guidance on when each paradigm *must* or *can* be applied. A is factually flawless and rich but slightly denser, with marginally less intuitive framing (e.g., 'feedback mechanism determines learning flow' is insightful but less immediately graspable than B's tripartite summary)."
general_003,general_knowledge,Why are transformers important for modern natural language processing?,plain_sot,29955.63320000656,4,0,0,0.0,0.0,0.0,1.0,0.0,0.0,0.0,0,A,B,9.8,10,10,9,10,10,"Both are factually accurate and highly relevant. B edges out A in structure (clearer DAG-like logical flow: architecture → mechanism → consequences → paradigm → implications) and conceptual cohesion, while maintaining excellent clarity. Its emphasis on modularity, scalability, and the foundation model pipeline adds nuanced usefulness for technically informed readers—without sacrificing accessibility. A is superb but slightly more linear; B integrates implications (e.g., instruction tuning, structural flexibility) more deliberately and anticipates deeper follow-up questions."
general_003,general_knowledge,Why are transformers important for modern natural language processing?,optimized_json_kg,32564.84979999368,4,5,8,0.75,0.375,0.717,0.283,0.0,1.0,1.0,0,B,B,9.8,10,10,10,9,10,"Both are factually accurate and highly relevant. B edges out A in structure (clearer DAG-like logical flow: architecture → mechanism → consequences → paradigm → implications) and conceptual cohesion, while maintaining excellent clarity. Its emphasis on modularity, scalability, and the foundation model pipeline adds nuanced usefulness for technically informed readers—without sacrificing accessibility. A is superb but slightly more linear; B integrates implications (e.g., instruction tuning, structural flexibility) more deliberately and anticipates deeper follow-up questions."
general_004,general_knowledge,"How do diffusion models generate images, and what are their main limitations?",plain_sot,47950.42930000636,6,0,0,0.0,0.0,0.0,1.0,0.0,0.0,0.0,0,A,A,9.8,10,10,10,9,10,"A is more factually precise (e.g., explicitly names U-Net, quantifies step counts, links limitations to serial dependency), better structured (hierarchical, numbered, logically grouped), and significantly more useful—providing concrete examples ('four hands', 'left of the red car'), actionable research directions (DDIM, ControlNet), and clear cause-effect reasoning. B is accurate and clear but vaguer on mechanisms, omits key technical details (e.g., no mention of cross-attention in text conditioning, oversimplifies controllability), and lacks illustrative specificity and practical context."
general_004,general_knowledge,"How do diffusion models generate images, and what are their main limitations?",optimized_json_kg,19875.736500005587,2,0,2,1.0,1.0,0.767,0.233,0.0,1.0,1.0,0,B,A,8.8,9,10,8,9,8,"A is more factually precise (e.g., explicitly names U-Net, quantifies step counts, links limitations to serial dependency), better structured (hierarchical, numbered, logically grouped), and significantly more useful—providing concrete examples ('four hands', 'left of the red car'), actionable research directions (DDIM, ControlNet), and clear cause-effect reasoning. B is accurate and clear but vaguer on mechanisms, omits key technical details (e.g., no mention of cross-attention in text conditioning, oversimplifies controllability), and lacks illustrative specificity and practical context."
general_005,general_knowledge,What is the role of embeddings in information retrieval systems?,plain_sot,32582.940200009034,4,0,0,0.0,0.0,0.0,1.0,0.0,0.0,0.0,0,A,A,9.8,10,10,9,10,10,"A excels in structure and usefulness by explicitly framing embeddings as a *complement* to lexical methods (e.g., BM25), detailing the standard two-stage pipeline (retrieval + re-ranking), and emphasizing practical deployment tradeoffs—making it more actionable for engineers and designers. B is factually precise and clear but overly focuses on the encoding→scoring sequence, omitting critical real-world context (hybrid architectures, efficiency constraints, production best practices) that A delivers. Both are fully factual and relevant, but A’s richer contextualization and pedagogical scaffolding (examples, contrast with legacy methods, summary statement) yield higher clarity and usefulness."
general_005,general_knowledge,What is the role of embeddings in information retrieval systems?,optimized_json_kg,19875.054499992984,2,0,4,1.0,0.25,0.883,0.117,0.0,1.0,1.0,0,B,A,9.2,10,10,8,9,9,"A excels in structure and usefulness by explicitly framing embeddings as a *complement* to lexical methods (e.g., BM25), detailing the standard two-stage pipeline (retrieval + re-ranking), and emphasizing practical deployment tradeoffs—making it more actionable for engineers and designers. B is factually precise and clear but overly focuses on the encoding→scoring sequence, omitting critical real-world context (hybrid architectures, efficiency constraints, production best practices) that A delivers. Both are fully factual and relevant, but A’s richer contextualization and pedagogical scaffolding (examples, contrast with legacy methods, summary statement) yield higher clarity and usefulness."
dependency_001,logical_dependency,"Why must an AI system verify retrieved evidence before aggregating an answer, and what can go wrong if these steps are executed in parallel without dependencies?",plain_sot,26535.549299995182,3,0,0,0.0,0.0,0.0,1.0,0.0,0.0,0.15,0,A,B,9.8,10,10,9,10,10,"Both are factually sound and highly relevant, but B excels in structure by explicitly distinguishing retriever-verification parallelism (permissible) from verification-aggregation parallelism (harmful), adds nuance like 'term standardization' and 'cost of correction', and clarifies the *type* of failure ('false consensus', 'bias fixation') with sharper conceptual framing. Its conclusion ties reliability to *debuggability* ('hard to trace/revise'), enhancing practical usefulness for system designers."
dependency_001,logical_dependency,"Why must an AI system verify retrieved evidence before aggregating an answer, and what can go wrong if these steps are executed in parallel without dependencies?",optimized_json_kg,32197.302100001252,5,6,15,1.0,0.2,0.79,0.21,1.0,0.8,1.0,0,B,B,10.0,10,10,10,10,10,"Both are factually sound and highly relevant, but B excels in structure by explicitly distinguishing retriever-verification parallelism (permissible) from verification-aggregation parallelism (harmful), adds nuance like 'term standardization' and 'cost of correction', and clarifies the *type* of failure ('false consensus', 'bias fixation') with sharper conceptual framing. Its conclusion ties reliability to *debuggability* ('hard to trace/revise'), enhancing practical usefulness for system designers."
dependency_002,logical_dependency,Explain why entity linking should happen before knowledge graph retrieval in a grounded text generation pipeline.,plain_sot,34364.62680000113,4,0,0,0.0,0.0,0.0,1.0,0.0,0.0,0.15,0,A,A,9.8,10,10,9,10,10,"A provides deeper, technically precise justification (e.g., explicit mention of URIs/IDs, distinction between surface forms and canonical identifiers, explanation of why linking doesn’t require retrieval), stronger logical framing (‘semantic anchoring’, ‘strict serial dependency’), and concrete failure modes (e.g., ‘apple’ fruit vs. company). B is accurate and clear but more generic, omits key technical nuance (e.g., no mention of knowledge base indexing or ID-based querying), and lacks the rigorous causal structure that makes A more instructive for pipeline design."
dependency_002,logical_dependency,Explain why entity linking should happen before knowledge graph retrieval in a grounded text generation pipeline.,optimized_json_kg,28600.99240001,5,7,26,1.0,0.192,0.79,0.21,1.0,0.8,1.0,2,B,A,9.0,9,10,8,9,9,"A provides deeper, technically precise justification (e.g., explicit mention of URIs/IDs, distinction between surface forms and canonical identifiers, explanation of why linking doesn’t require retrieval), stronger logical framing (‘semantic anchoring’, ‘strict serial dependency’), and concrete failure modes (e.g., ‘apple’ fruit vs. company). B is accurate and clear but more generic, omits key technical nuance (e.g., no mention of knowledge base indexing or ID-based querying), and lacks the rigorous causal structure that makes A more instructive for pipeline design."
dependency_003,logical_dependency,Why should a reasoning system build dependencies between claims before expanding them in parallel?,plain_sot,25032.782499998575,3,0,0,0.0,0.0,0.0,1.0,0.0,0.0,0.15,0,A,B,9.0,9,10,8,9,9,"B is more precise, structurally rigorous (explicitly naming three non-redundant, functionally distinct roles of dependency modeling), and avoids informal phrasing (e.g., 'safe', 'fused' in A). It correctly frames dependency modeling as a strict temporal prerequisite—not just 'necessary' but logically prior and non-parallelizable—aligning with formal DAG semantics and KG-guided reasoning theory. Its emphasis on synthesis naturalness and conflict prevention reflects deeper understanding of consistency guarantees in distributed inference. A is strong but slightly less technically grounded and more narrative than formally principled."
dependency_003,logical_dependency,Why should a reasoning system build dependencies between claims before expanding them in parallel?,optimized_json_kg,26791.155399987474,5,6,15,1.0,0.2,0.79,0.21,1.0,0.8,1.0,0,B,B,9.8,10,10,10,9,10,"B is more precise, structurally rigorous (explicitly naming three non-redundant, functionally distinct roles of dependency modeling), and avoids informal phrasing (e.g., 'safe', 'fused' in A). It correctly frames dependency modeling as a strict temporal prerequisite—not just 'necessary' but logically prior and non-parallelizable—aligning with formal DAG semantics and KG-guided reasoning theory. Its emphasis on synthesis naturalness and conflict prevention reflects deeper understanding of consistency guarantees in distributed inference. A is strong but slightly less technically grounded and more narrative than formally principled."
dependency_004,logical_dependency,"In a multi-step answer generation pipeline, why should contradiction checking happen before final summarization?",plain_sot,12096.015899995109,1,0,0,0.0,0.0,0.0,1.0,0.0,0.0,0.15,0,A,B,9.0,9,10,8,9,9,"B is more factually precise (e.g., explicitly names 'causal dependency', 'irreversible damage to traceability/repairability', and 'loss of fine-grained structure'), better structured with logical progression (cause → consequence → necessity), clearer in phrasing (e.g., 'mandatory gate' vs 'necessary前置校验'), and more useful for pipeline design due to actionable rationale (e.g., 'non-optional prerequisite', 'not an optional post-processing step'). A is strong but slightly more generic and less grounded in formal reasoning constraints."
dependency_004,logical_dependency,"In a multi-step answer generation pipeline, why should contradiction checking happen before final summarization?",optimized_json_kg,25437.648799997987,5,6,14,1.0,0.357,0.777,0.223,1.0,0.8,1.0,0,B,B,9.8,10,10,9,10,10,"B is more factually precise (e.g., explicitly names 'causal dependency', 'irreversible damage to traceability/repairability', and 'loss of fine-grained structure'), better structured with logical progression (cause → consequence → necessity), clearer in phrasing (e.g., 'mandatory gate' vs 'necessary前置校验'), and more useful for pipeline design due to actionable rationale (e.g., 'non-optional prerequisite', 'not an optional post-processing step'). A is strong but slightly more generic and less grounded in formal reasoning constraints."
dependency_005,logical_dependency,Explain why some thought nodes can be generated in parallel while others must wait for prerequisite evidence.,plain_sot,28733.715900001698,3,0,0,0.0,0.0,0.0,1.0,0.0,0.0,0.15,0,A,B,9.2,9,10,9,9,9,"B grounds explanation concretely in evidence lifecycle (retrieval → verification → integration → conflict detection), explicitly names real-world reasoning dependencies (e.g., 'preliminary consistency check' for contradiction detection), and maps scheduling to three precise semantic relations (precedence, support, conflict) — all factually accurate, more structured, clearer in causal logic, and more actionable for system design than A's abstract dependency framing."
dependency_005,logical_dependency,Explain why some thought nodes can be generated in parallel while others must wait for prerequisite evidence.,optimized_json_kg,38665.71519999707,5,6,17,1.0,0.294,0.79,0.21,1.0,0.8,1.0,0,B,B,10.0,10,10,10,10,10,"B grounds explanation concretely in evidence lifecycle (retrieval → verification → integration → conflict detection), explicitly names real-world reasoning dependencies (e.g., 'preliminary consistency check' for contradiction detection), and maps scheduling to three precise semantic relations (precedence, support, conflict) — all factually accurate, more structured, clearer in causal logic, and more actionable for system design than A's abstract dependency framing."
verification_001,fact_verification,How can knowledge graphs help reduce hallucination in retrieval-augmented generation systems?,plain_sot,15711.162399995374,1,0,0,0.0,0.0,0.0,1.0,0.0,0.0,0.0,0,A,B,8.4,9,9,8,8,8,"B is more factually precise (e.g., distinguishes entity linking as prerequisite, specifies relation-path constraints like 'is a type of', clarifies causal sequencing), better structured (three explicit, ordered, interdependent mechanisms), clearer in distinguishing *how* KGs enforce constraints (not just 'validation' but semantic grounding via alignment → constraint → verification), and more useful for implementation (actionable steps with logical dependencies). A is strong but abstract; B grounds each claim in concrete KG operations and avoids overgeneralization."
verification_001,fact_verification,How can knowledge graphs help reduce hallucination in retrieval-augmented generation systems?,optimized_json_kg,31326.83759999054,5,7,26,1.0,0.269,0.805,0.195,0.8,0.8,1.0,3,B,B,9.8,10,10,10,9,10,"B is more factually precise (e.g., distinguishes entity linking as prerequisite, specifies relation-path constraints like 'is a type of', clarifies causal sequencing), better structured (three explicit, ordered, interdependent mechanisms), clearer in distinguishing *how* KGs enforce constraints (not just 'validation' but semantic grounding via alignment → constraint → verification), and more useful for implementation (actionable steps with logical dependencies). A is strong but abstract; B grounds each claim in concrete KG operations and avoids overgeneralization."
verification_002,fact_verification,"Why can outdated evidence cause factual errors in AI-generated answers, and how should a system handle it?",plain_sot,52728.51049999008,6,0,0,0.0,0.0,0.0,1.0,0.0,0.0,0.15,0,A,A,10.0,10,10,10,10,10,"A provides deeper conceptual grounding (time-dependence of facts), a rigorously sequenced three-stage lifecycle framework with domain-aware thresholds, concrete implementation examples (e.g., 'medical guidelines >3 years old'), and pedagogically precise language that embeds temporal awareness into output itself. B is strong and technically sound but less comprehensive: it omits proactive mitigation (e.g., no equivalent to A’s transparent time-bound phrasing in output), has looser sequencing logic ('synchronous' steps lack clear DAG dependency), and offers fewer actionable domain-specific heuristics. Both are factually accurate, but A’s structure, clarity, and operational usefulness are superior."
verification_002,fact_verification,"Why can outdated evidence cause factual errors in AI-generated answers, and how should a system handle it?",optimized_json_kg,33708.23550000205,5,6,15,1.0,0.2,0.79,0.21,1.0,0.8,1.0,0,B,A,9.0,9,10,8,9,9,"A provides deeper conceptual grounding (time-dependence of facts), a rigorously sequenced three-stage lifecycle framework with domain-aware thresholds, concrete implementation examples (e.g., 'medical guidelines >3 years old'), and pedagogically precise language that embeds temporal awareness into output itself. B is strong and technically sound but less comprehensive: it omits proactive mitigation (e.g., no equivalent to A’s transparent time-bound phrasing in output), has looser sequencing logic ('synchronous' steps lack clear DAG dependency), and offers fewer actionable domain-specific heuristics. Both are factually accurate, but A’s structure, clarity, and operational usefulness are superior."
verification_003,fact_verification,How should an AI system handle two retrieved sources that make conflicting claims?,plain_sot,33360.022199995,4,0,0,0.0,0.0,0.0,1.0,0.0,0.0,0.15,0,A,A,9.4,9,10,9,9,10,"A provides a more logically sequenced, pedagogically grounded workflow ('identify → assess → respond → collaborate') with explicit emphasis on transparency and user agency. B introduces valuable distinctions (e.g., fact vs. interpretation vs. values) and parallel verification, but its structure is less hierarchical and slightly more abstract; 'anchor the nature of conflict' is insightful but under-explained, and 'must be滞后于核查完成' is awkwardly phrased in English context. Both are factually sound and highly relevant, but A’s clarity, coherence, and actionable framing make it more useful for real-world AI design and user communication."
verification_003,fact_verification,How should an AI system handle two retrieved sources that make conflicting claims?,optimized_json_kg,31361.45170000964,3,2,0,0.0,0.0,0.3,0.7,0.0,1.0,1.0,0,B,A,8.8,9,10,8,8,9,"A provides a more logically sequenced, pedagogically grounded workflow ('identify → assess → respond → collaborate') with explicit emphasis on transparency and user agency. B introduces valuable distinctions (e.g., fact vs. interpretation vs. values) and parallel verification, but its structure is less hierarchical and slightly more abstract; 'anchor the nature of conflict' is insightful but under-explained, and 'must be滞后于核查完成' is awkwardly phrased in English context. Both are factually sound and highly relevant, but A’s clarity, coherence, and actionable framing make it more useful for real-world AI design and user communication."
verification_004,fact_verification,Why is source provenance important when generating answers from retrieved knowledge?,plain_sot,12862.20719999983,1,0,0,0.0,0.0,0.0,1.0,0.0,0.0,0.0,0,A,B,8.4,9,10,7,8,8,"B is more factually precise (e.g., explicitly names retrieval→verification→synthesis pipeline with causal dependencies), structurally superior (clear DAG-aligned sequencing with numbered, logically ordered steps), and more useful due to actionable operational guidance (e.g., 'conflict resolution must revert to original context'). It avoids A’s minor overgeneralizations (e.g., 'non-negotiable' without qualification) and provides tighter conceptual grounding in knowledge engineering practice."
verification_004,fact_verification,Why is source provenance important when generating answers from retrieved knowledge?,optimized_json_kg,26932.063300002483,3,2,9,1.0,0.333,0.85,0.15,0.0,1.0,1.0,0,B,B,9.8,10,10,10,9,10,"B is more factually precise (e.g., explicitly names retrieval→verification→synthesis pipeline with causal dependencies), structurally superior (clear DAG-aligned sequencing with numbered, logically ordered steps), and more useful due to actionable operational guidance (e.g., 'conflict resolution must revert to original context'). It avoids A’s minor overgeneralizations (e.g., 'non-negotiable' without qualification) and provides tighter conceptual grounding in knowledge engineering practice."
verification_005,fact_verification,Explain how evidence grounding improves the reliability of long-form generated reports.,plain_sot,15108.307100003003,1,0,0,0.0,0.0,0.0,1.0,0.0,0.0,0.0,0,A,B,9.0,9,10,8,9,9,"B scores higher in factuality (explicitly mandates evidence-first workflow and conflict resolution), structure (clear three-stage DAG with strict sequencing constraints), and usefulness (actionable, implementation-aware guidance); though slightly less fluent in English clarity, its precision, procedural rigor, and emphasis on evidence integration over citation makes it more authoritative and practically valuable for reliable report generation."
verification_005,fact_verification,Explain how evidence grounding improves the reliability of long-form generated reports.,optimized_json_kg,26132.648400001926,5,5,17,1.0,0.353,0.79,0.21,1.0,0.8,1.0,0,B,B,9.6,10,10,10,8,10,"B scores higher in factuality (explicitly mandates evidence-first workflow and conflict resolution), structure (clear three-stage DAG with strict sequencing constraints), and usefulness (actionable, implementation-aware guidance); though slightly less fluent in English clarity, its precision, procedural rigor, and emphasis on evidence integration over citation makes it more authoritative and practically valuable for reliable report generation."
